{"cameraMode":{"drawMode":0,"name":"Shaded","section":"Shading Mode"},"sceneLighting":true,"audioPlay":false,"sceneViewState":{"m_AlwaysRefresh":false,"showFog":true,"showSkybox":true,"showFlares":true,"showImageEffects":true,"showParticleSystems":true,"showVisualEffectGraphs":true,"m_FxEnabled":true},"in2DMode":false,"pivot":{"x":0.2111813724040985,"y":2.060999870300293,"z":-0.15166300535202027},"rotation":{"x":-0.12393717467784882,"y":-0.09303601086139679,"z":0.011676967144012452,"w":-0.9878568053245544},"size":0.2504079341888428,"orthographic":false}